"Star_idx"|"star_name"|"DISTANCE (LIGHTYEARS)"|"effective temperature"|"RELATIVE MASS"|"Star Radius"|"Relative Luminosity"|"star type"
2400|"Stardawn"|353,546|NA|0,1|0,52|0,02|"M:2:V"
1026|"Haappajarvi"|277,073|2541|0,4|0,61|0,07|"M:5:V"
2766|"Wisconsin"|336,56|3923|0,7|0,78|0,43|"K:7:V"
1178|"Ildlandet"|401,226|2629|0,1|0,12|0,05|"M:6:V"
1713|"Mindrel"|585,474|4004|0,6|0,95|0,11|"K:7:V"
272|"Bastrop"|566,773|2668|0,4|0,61|0,07|"M:4:V"
2478|"Tangerz"|190,998|2410|0,2|0,39|0,03|"M:8:V"
2241|"Sarkel"|132,944|2734|0,4|0,64|0,02|"M:4:V"
563|"Claxton"|264,639|2620|0,1|0,68|0,06|"M:0:V"
1868|"Nightwish"|446,915|3911|0,5|NA|0,58|"K:6:V"
3051|"Gurgaldar"|1413,278|4043|0,8|0,94|0,14|"K:6:V"
409|"Brusett"|409,833|3739|0,7|0,8|0,43|"K:2:V"
1806|"Negushevo"|396,623|3760|0,7|0,74|0,21|"K:3:V"
1190|"Ina"|438,829|3367|0,2|0,34|0,08|"M:2:V"
695|"Deschenes"|310,081|2840|0,2|0,15|0,03|"M:4:V"
3090|"Star Cluster 643"|1944,995|2936|0,4|0,63|0,07|"M:3:V"
986|"Goubellat"|388,164|4234|0,5|0,84|0,1|"K:1:V"
1937|"Oligar"|285,327|2519|0,3|0,26|0,07|"M:8:V"
1667|"Melissia"|412,362|2733|0,1|0,1|0,03|"M:4:V"
2345|"Sirdar"|334,587|NA|0,1|0,22|0,05|"M:2:V"
1653|"Medzev"|259,667|5595|1|1,11|1,34|"G:2:V"
2107|"Raetia"|625,433|5643|1|0,98|1,47|"G:3:V"
2974|"Castile"|1288,895|4055|0,6|0,74|0,46|"K:2:V"
949|"Giausar"|209,521|4004|0,7|0,9|0,53|"K:7:V"
1859|"New Wessex"|114,107|2406|0,2|0,65|0,06|"M:2:V"
2121|"Rasalas"|177,601|2449|0,1|0,17|0,06|"M:1:V"
2283|"Sertar"|428,098|2484|0,3|NA|0,03|"M:5:V"
1357|"Kinkaid"|457,257|3513|0,4|0,09|0,08|"M:1:V"
1979|"Panpour"|450,36|3553|0,2|0,22|0,01|"M:1:V"
93|"Alsek"|395,369|2612|0,3|0,56|0,06|"M:4:V"
2960|"Sheridan"|1798,647|3591|0,4|0,52|0,08|"M:0:V"
2545|"Tikonov"|111,166|2761|0,1|0,33|0,01|"M:2:V"
2084|"Qanatir"|456,322|5495|0,9|1,04|0,89|"G:5:V"
2830|"Zefri"|545,24|2839|0,2|0,62|0,07|"M:3:V"
1057|"Harminous"|481,747|5552|1|1,09|1,37|"G:2:V"
539|"Chillon"|333,085|5291|1|1,05|0,84|"G:5:V"
1616|"Marlowe's Rift"|250,609|2594|0,3|0,61|0,05|"M:4:V"
2694|"Virentofta"|446,876|2848|0,1|0,21|0,05|"M:4:V"
1935|"Oldsmith"|318,905|3327|0,4|0,67|0,05|"M:1:V"
2706|"Vulcan"|327,355|2975|0,2|0,31|0,01|"M:4:V"
209|"August"|169,534|4680|0,6|0,74|0,08|"K:0:V"
3174|"Matteo"|328,476|2755|0,3|0,18|0,06|"M:1:V"
1404|"Kotzebue"|377,656|2861|0,4|0,41|0,04|"M:1:V"
755|"Durabon"|522,547|3100|0,3|0,46|0,05|"M:4:V"
487|"Carver"|21,423|2550|0,3|0,35|0,08|"M:5:V"
2708|"Waddesdon"|134,832|2725|0,4|0,55|0,01|"M:5:V"
2682|"Vicente"|454,397|2562|0,4|0,31|0,06|"M:5:V"
2320|"Shirotori"|190,552|2711|0,3|0,67|0,06|"M:0:V"
2177|"Rosendal"|344,491|2903|0,3|0,54|0,01|"M:4:V"
2434|"Summerstide"|551,739|2533|0,1|0,31|0,05|"M:8:V"
638|"Cusset"|288,041|2558|0,2|0,64|0,02|"M:6:V"
1988|"Park Place"|114,805|3816|0,7|0,95|0,56|"K:6:V"
2105|"Radostov"|311,275|3191|0,4|0,44|0,03|"M:2:V"
3028|"Salonika"|1067,065|5746|0,8|1,1|0,74|"G:2:V"
2765|"Winter"|460,895|3110|0,3|NA|0,08|"M:4:V"
1403|"Kostinbrod"|406,765|4214|0,7|0,7|0,09|"K:5:V"
358|"Bogrib"|336,049|2789|0,1|0,44|0,05|"M:5:V"
3110|"Farhome"|802,398|3266|0,2|0,4|0,02|"M:2:V"
2577|"Treeline"|420,379|2800|0,2|0,1|0,05|"M:0:V"
620|"Crellacor"|477,107|3212|0,2|0,68|0,01|"M:2:V"
455|"Cammal"|199,065|2528|0,1|0,08|0,05|"M:5:V"
291|"Belamor"|300,235|2679|0,2|0,48|0,01|"M:1:V"
1056|"Harloc"|228,315|5488|1|1,04|0,89|"G:2:V"
2089|"Quarell"|234,588|3004|0,1|0,66|0,06|"M:0:V"
2471|"Tallassee"|146,829|5704|1|1,05|0,62|"G:2:V"
1953|"Osmus Saar"|229,279|2983|0,1|0,45|0,03|"M:4:V"
1863|"Newtown Square"|454,59|2941|0,3|0,68|0,06|"M:2:V"
1738|"Mokane"|427,644|2719|0,4|0,48|0,05|"M:5:V"
2460|"Szepes"|240,706|2483|0,1|0,51|0,04|"M:4:V"
1024|"Gwynedd"|536,196|2481|0,3|0,6|0,04|"M:5:V"
2779|"Wrociaw"|320,163|3991|0,7|0,75|0,4|"K:6:V"
2437|"Sun Prairie"|326,464|2743|0,1|0,24|NA|"M:3:V"
3167|"Fell Wind"|1301,092|3159|0,2|0,61|0,02|"M:1:V"
1200|"Ingvolstand"|590,429|2450|0,4|NA|0,06|"M:5:V"
2115|"Ramona"|331,278|3381|0,2|0,14|0,03|"M:2:V"
1900|"Novara"|384,151|5527|0,8|1,1|1,35|"G:5:V"
259|"Barlaston"|293,832|4357|0,6|0,9|0,38|"K:3:V"
84|"Alnadal"|158,599|4004|0,8|0,79|0,58|"K:6:V"
997|"Gravensteen"|257,231|3054|0,2|0,53|0,01|"M:0:V"
2046|"Pokhara"|64,585|5723|0,9|1,15|1,16|"G:2:V"
2600|"Tukayyid"|210,467|3130|0,1|0,24|0,05|"M:2:V"
1202|"Inner End"|592,086|3342|0,4|0,45|0,04|"M:1:V"
729|"Domeyko"|717,551|2754|0,4|0,2|0,03|"M:4:V"
561|"Circinus"|394,259|5545|0,9|1,1|1,22|"G:2:V"
1462|"Last Frontier"|396,168|3000|0,3|0,42|0,05|"M:1:V"
1692|"Metter"|542,192|2733|0,4|0,2|0,02|"M:2:V"
89|"Alphecca"|77,664|4056|0,7|0,96|0,29|"K:2:V"
783|"Elba"|516,187|3201|0,3|0,38|0,06|"M:0:V"
2630|"Unkador"|377,948|2968|0,1|0,12|0,05|"M:3:V"
342|"Blandou"|305,857|3309|0,2|0,3|0,03|"M:2:V"
207|"Aubisson"|146,58|2404|0,2|0,3|0,02|"M:8:V"
2675|"Vereeniging"|448,35|2653|0,3|0,42|0,04|"M:5:V"
1818|"New Britain"|47,967|2615|0,4|0,26|0,03|"M:5:V"
2236|"Sappir"|427,733|5258|0,8|1,05|1,18|"G:5:V"
711|"Dicon"|325,864|NA|0,4|0,37|0,08|"M:1:V"
617|"Crawford"|344,456|3963|0,6|0,87|0,35|"K:2:V"
2435|"Summit"|239,97|3762|0,8|0,87|0,58|"K:7:V"
2414|"Stirling"|460,492|2922|0,2|0,32|0,07|"M:5:V"
1644|"McKellan"|236,923|2982|0,2|0,18|0,07|"M:0:V"
203|"Atreus Prime"|437,492|2529|0,4|0,65|0,05|"M:2:V"
3033|"Star Cluster P24"|1572,035|3808|0,5|0,82|0,1|"K:2:V"
914|"Gacrux"|87,165|3031|0,1|0,49|0,07|"M:1:V"
1919|"Odabasi"|225,235|2808|0,2|NA|0,01|"M:2:V"
2227|"Sanilac"|158,705|2681|0,3|0,46|0,01|"M:2:V"
1368|"Kitopler"|439,384|2976|0,1|0,28|NA|"M:1:V"
410|"Bryant"|18,672|2469|0,3|0,29|0,02|"M:1:V"
2966|"Tokasha"|1731,797|5243|0,9|0,98|1,16|"G:5:V"
3143|"Polybius"|465,266|3089|0,4|0,46|0,03|"M:3:V"
2852|"Zwenkau"|233,922|4796|0,7|0,83|0,41|"K:2:V"
367|"Borden"|374,284|2974|0,1|0,3|0,06|"M:5:V"
36|"Afarsin"|428,482|NA|0,2|0,43|0,05|"M:5:V"
2230|"Santiago"|436,907|4654|0,5|0,81|0,16|"K:3:V"
1521|"Lothan"|220,925|2436|0,2|0,62|0,07|"M:8:V"
2470|"Tall Trees"|66,747|3120|0,2|0,29|0,04|"M:1:V"
52|"Alarion"|348,457|2684|0,2|0,27|0,08|"M:4:V"
2086|"Qarahta"|405,456|2670|0,4|0,33|0,03|"M:5:V"
1602|"Marathon"|317,006|2717|0,2|0,22|0,05|"M:3:V"
1106|"Hiberius"|517,127|2788|0,2|0,64|0,04|"M:4:V"
2071|"Prix"|330,533|2698|0,3|0,16|0,03|"M:1:V"
662|"Daol"|365,981|2750|0,2|0,22|0,04|"M:4:V"
544|"Chirikof"|408,982|2724|0,2|0,65|0,03|"M:3:V"
2373|"Somerset"|454,587|2517|0,4|0,15|0,08|"M:3:V"
2486|"Tantara"|272,425|2640|0,3|0,57|0,03|"M:5:V"
1459|"Larsha"|410,666|3405|0,3|0,64|0,02|"M:2:V"
1571|"Malaga"|577,046|3066|0,2|0,39|0,07|"M:4:V"
1724|"Mitchel"|345,876|2658|0,2|0,34|0,02|"M:0:V"
532|"Chennai"|374,326|2526|0,1|0,32|0,05|"M:5:V"
3007|"Tomalov"|1025,026|2443|0,4|0,51|0,01|"M:8:V"
1349|"Kilarney"|334,515|3039|0,2|0,53|0,02|"M:3:V"
1621|"Masterson"|185,794|4764|0,5|0,87|0,13|"K:2:V"
731|"Donegal"|242,166|2487|0,2|0,65|0,01|"M:4:V"
1320|"Keihoku"|373,707|4689|0,5|0,77|0,15|"K:2:V"
859|"Feltre"|362,666|3857|0,7|0,85|0,57|"K:5:V"
1522|"Lothario"|509,453|3337|0,3|0,69|NA|"M:0:V"
2512|"Tematagi"|380,055|2426|0,3|0,43|0,02|"M:1:V"
2863|"Hardisey's Haven"|424,642|3316|0,2|0,29|0,04|"M:2:V"
2157|"Rio"|99,618|2608|0,3|0,1|0,03|"M:5:V"
911|"Futuna"|283,493|2516|0,2|0,46|0,04|"M:2:V"
1316|"Kazu"|377,985|4037|0,5|0,78|0,45|"K:0:V"
1076|"Hechnar"|31,041|2791|0,2|0,5|0,06|"M:5:V"
956|"Ginestra"|197,259|3781|0,5|0,86|0,26|"K:6:V"
1345|"Kiesen"|222,224|2757|0,2|0,39|0,06|"M:3:V"
1075|"Hecheng"|425,815|2794|0,1|0,52|0,04|"M:1:V"
3065|"Illizi"|1037,204|3809|0,5|0,78|0,51|"K:2:V"
105|"Altona"|508,068|2760|0,3|0,33|0,04|"M:5:V"
2383|"Sparta"|302,14|2425|0,4|0,23|0,08|"M:2:V"
585|"Conley's Patch"|301,418|2543|0,4|0,26|0,03|"M:5:V"
2905|"Hellespont"|563,994|2573|0,3|0,16|0,01|"M:3:V"
3069|"Ksabi"|1045,343|5488|1|1,09|1,19|"G:5:V"
2872|"Maximillian"|460,851|3999|0,7|0,75|0,5|"K:3:V"
1996|"Pattonsbrug"|377,185|2448|0,3|0,32|0,03|"M:3:V"
292|"Bell"|151,397|3723|0,5|NA|0,32|"K:2:V"
1431|"Kwangchowwang"|418,747|2554|0,4|0,38|0,04|"M:3:V"
2909|"Lastpost"|719,1|3099|0,3|0,53|0,03|"M:2:V"
1666|"Melilla"|572,121|2638|0,1|0,44|0,08|"M:2:V"
3096|"Belgae"|978,662|4414|0,8|0,76|0,58|"K:2:V"
894|"Forkas"|264,966|2467|0,3|0,21|0,05|"M:5:V"
1493|"Lindsay"|406,414|2605|0,1|0,55|0,06|"M:0:V"
368|"Bordon"|71,374|2932|0,2|0,6|0,07|"M:4:V"
673|"Declan"|363,446|5665|0,9|0,99|1,25|"G:3:V"
2401|"Star's End"|440,098|4263|0,8|0,73|0,13|"K:0:V"
237|"Baggville"|451,862|4253|0,7|0,9|0,53|"K:5:V"
3089|"Star Cluster 1108"|1988,435|2729|0,3|0,55|0,02|"M:5:V"
2883|"Argos"|515,823|5600|0,9|1,09|1,21|"G:4:V"
46|"Aix-la-Chapelle"|179,764|3946|0,6|0,74|0,24|"K:7:V"
921|"Galisteo"|363,119|5316|0,9|0,96|1,41|"G:4:V"
728|"Domain"|250,282|2584|0,4|0,23|0,05|"M:5:V"
2881|"Aea"|453,838|2607|0,1|0,36|0,07|"M:3:V"
2262|"Schmitt"|527,197|3086|0,3|0,19|0,04|"M:0:V"
1941|"Omagh"|260,814|5375|0,9|1,07|0,83|"G:5:V"
2346|"Sirius"|8,267|2796|0,2|NA|0,01|"M:5:V"
3044|"Wolf Orbital 82"|691,654|NA|0,1|0,34|0,01|"M:5:V"
2972|"Aragon"|1310,844|3764|0,6|0,91|0,48|"K:7:V"
2436|"Sumy"|291,709|5447|1|1,04|1,31|"G:2:V"
888|"Flychenia"|208,019|2515|0,3|0,26|0,04|"M:5:V"
269|"Bass"|415,671|2449|0,3|0,08|0,02|"M:3:V"
1978|"Panjang"|348,831|3832|0,8|0,8|0,47|"K:2:V"
600|"Coriscana"|217,338|4077|0,7|0,93|0,33|"K:2:V"
555|"Chukchi"|202,057|4189|0,6|0,73|0,29|"K:4:V"
2329|"Sidon"|500,214|2672|0,1|0,45|0,02|"M:6:V"
1379|"Knutdor"|242,812|2749|0,4|0,51|0,05|"M:4:V"
1749|"Montmarault"|269,672|2590|0,4|0,07|0,04|"M:1:V"
490|"Casere"|352,437|2625|0,1|0,16|0,05|"M:3:V"
260|"Barlow's End"|310,951|2932|0,2|0,21|0,03|"M:2:V"
215|"Australia"|419,99|2452|0,1|0,37|0,03|"M:6:V"
1745|"Monongahela"|233,826|2950|0,2|0,39|0,07|"M:2:V"
1733|"Mkuranga"|355,783|3911|0,6|0,94|0,42|"K:0:V"
1823|"New Crete"|204,428|2881|0,3|0,16|0,07|"M:2:V"
115|"Ambergrist"|270,737|5416|1|1,13|1,02|"G:2:V"
1233|"Jansen's Hold"|420,649|5559|0,9|1,05|1,43|"G:2:V"
1656|"Meghy"|541,865|2645|0,4|0,12|0,06|"M:5:V"
1|"A Place"|298,999|3110|0,4|0,18|0,03|"M:2:V"
1121|"Hoensbroek"|502,638|2997|0,2|0,11|0,07|"M:3:V"
1467|"Laurent"|306,122|4094|0,8|0,78|0,1|"K:2:V"
3129|"Ålborg"|744,608|2428|0,3|0,27|0,08|"M:8:V"
2101|"Quittacas"|270,647|3018|0,4|0,53|0,01|"M:2:V"
227|"Aylmer"|415,816|5477|0,9|1,07|0,73|"G:5:V"
2834|"Zertarum"|479,723|5569|0,9|1,11|0,76|"G:4:V"
2277|"Sendai"|177,645|2588|0,2|0,12|0,03|"M:2:V"
415|"Budingen"|415,219|3150|0,3|0,23|0,03|"M:1:V"
2987|"Danzig"|1064,164|2948|0,2|0,54|0,05|"M:5:V"
2823|"Zavijava"|31,804|2520|0,3|0,28|0,02|"M:4:V"
2561|"Tok Do"|202,554|2883|0,1|0,32|0,03|"M:3:V"
300|"Benet"|269,224|4334|0,8|0,81|0,22|"K:5:V"
1308|"Kaus Australis"|83,64|5434|0,8|1,1|1,41|"G:2:V"
431|"Cahokia"|297,799|5357|1|1,02|1,17|"G:4:V"
2020|"Phalan"|135,839|2843|0,2|0,58|0,03|"M:1:V"
8|"Aberystwyth"|434,937|4388|0,5|0,87|0,08|"K:3:V"
860|"Ferihegy"|422,235|3097|0,3|0,25|0,05|"M:2:V"
1761|"Morrigan"|340,803|4276|0,5|0,88|0,46|"K:5:V"
2026|"Pietermaritzburg"|347,665|2455|0,1|0,19|0,05|"M:8:V"
3097|"Dania"|965,732|4159|0,7|0,88|0,42|"K:2:V"
2803|"York"|302,048|2421|0,1|0,3|0,04|"M:8:V"
1480|"Les Halles"|191,978|2435|0,3|0,17|0,02|"M:3:V"
2861|"Ballalaba"|534,599|2583|0,2|0,55|0,04|"M:7:V"
73|"Alioth"|60,559|3024|0,3|0,09|0,02|"M:2:V"
2257|"Schedar"|119,763|2693|0,1|NA|0,05|"M:3:V"
482|"Carnwath"|103,787|3867|0,5|0,72|0,53|"K:3:V"
509|"Cerulean"|420,623|2761|0,1|0,13|0,07|"M:2:V"
1199|"Ingress"|53,015|4361|0,8|0,73|0,15|"K:1:V"
1021|"Gurnet"|249,28|4213|0,5|0,82|0,39|"K:3:V"
3162|"Peratallada"|524,828|2436|0,4|0,32|NA|"M:3:V"
2021|"Phecda"|74,468|4177|0,6|0,75|0,32|"K:2:V"
345|"Blue Diamond"|186,129|2479|0,3|0,35|0,03|"M:4:V"
1991|"Pascagoula"|433,421|3538|0,3|0,23|0,06|"M:0:V"
228|"Ayn Tarma"|348,425|2780|0,3|0,27|0,01|"M:2:V"
691|"Denizli"|365,293|2731|0,4|0,41|0,07|"M:2:V"
2040|"Pliska"|81,47|4897|0,5|0,77|0,56|"K:0:V"
1120|"Hódmezovásárhely"|240,135|4136|0,6|0,95|0,2|"K:6:V"
707|"Diboll"|480,08|2492|0,2|0,42|0,02|"M:6:V"
1050|"Hanover"|400,763|2869|0,2|0,24|0,01|"M:0:V"
1600|"Marantha"|444,821|4800|0,8|0,91|0,52|"K:2:V"
787|"Elektrougli"|216,119|2947|0,3|0,44|0,07|"M:5:V"
1976|"Pandora"|249,55|NA|1|1,12|0,92|"G:2:V"
1658|"Meglan"|286,714|2811|0,1|0,17|0,02|"M:5:V"
2070|"Prinis Prime"|527,614|3030|0,3|0,21|0,04|"M:1:V"
223|"Awano"|187,392|3723|0,7|0,77|0,33|"K:1:V"
3102|"Lemnos"|1009,009|4447|0,7|0,9|0,25|"K:3:V"
2044|"Point Barrow"|385,425|3250|0,4|0,31|0,06|"M:2:V"
2205|"Safe Port"|316,904|3303|0,2|0,64|0,07|"M:2:V"
339|"Blackstone"|489,457|4206|0,5|0,77|0,34|"K:2:V"
2357|"Slaithwaite"|510,68|2823|0,2|0,68|0,02|"M:3:V"
126|"Ancha"|83,676|4028|0,6|0,91|0,5|"K:7:V"
2475|"Tamarind"|281,545|3810|0,6|0,88|0,42|"K:5:V"
2411|"Sterope"|484,401|3491|0,3|0,34|0,02|"M:0:V"
456|"Campbelton"|202,328|5597|1|1,15|0,81|"G:4:V"
2832|"Zelski"|536,198|2630|0,2|0,52|0,07|"M:7:V"
2671|"Ventabren"|123,392|4478|0,6|0,95|0,31|"K:3:V"
2188|"Rudolpho"|556,476|2744|0,4|0,28|NA|"M:0:V"
2536|"Thraxa"|496,608|4333|0,6|0,71|0,32|"K:3:V"
133|"Anembo"|427,152|NA|0,1|0,16|0,06|"M:5:V"
954|"Gillfillan's Gold"|488,659|4692|0,5|0,85|0,43|"K:2:V"
2213|"Sakuranoki"|324,442|4131|0,8|0,85|0,08|"K:5:V"
1754|"Moravian"|171,522|2917|0,3|0,19|0,02|"M:5:V"
1012|"Grumium"|186,911|5615|1|1,03|0,63|"G:2:V"
329|"Biota"|275,291|2539|0,3|0,17|0,05|"M:4:V"
1650|"Mechdur"|438,017|5815|0,8|0,98|1,23|"G:2:V"
479|"Carmen"|266,01|2955|0,4|0,21|0,07|"M:1:V"
1363|"Kirklin"|286,449|5437|0,8|1,07|1,17|"G:2:V"
2899|"Erod's Escape"|696,99|4336|0,6|0,76|0,18|"K:3:V"
566|"Clermont"|410,315|3150|0,2|0,2|0,07|"M:3:V"
1430|"Kwamashu"|269,938|3766|0,7|0,75|0,28|"K:2:V"
714|"Dieron"|19,265|5241|0,9|1,12|1,01|"G:3:V"
344|"Blommestein"|758,27|2719|0,3|0,49|0,06|"M:2:V"
2108|"Ragusa"|217,821|2446|0,3|0,39|0,04|"M:6:V"
3040|"Trelleborg"|927,031|2533|0,3|0,23|0,05|"M:5:V"
2777|"Wrentham"|367,535|3454|0,2|0,56|0,06|"M:0:V"
3042|"Wark"|756,684|2797|0,3|0,39|0,05|"M:5:V"
3021|"Epsilon Pegasus"|725,437|2956|0,1|0,18|0,03|"M:1:V"
1576|"Malibu"|404,844|3197|0,3|0,34|0,07|"M:2:V"
2009|"Pentvar"|328,657|2464|0,1|0,33|0,07|"M:2:V"
2242|"Sarmaxa"|171,838|2507|0,4|0,46|0,06|"M:4:V"
2606|"Turtle Bay"|429,02|2838|0,2|0,6|0,01|"M:2:V"
1457|"Lapida"|123,994|3158|0,3|0,47|0,03|"M:3:V"
426|"Cabanatuan"|535,102|3256|0,3|0,65|NA|"M:1:V"
2038|"Pleiades Cluster"|385,94|2528|0,2|0,28|0,05|"M:8:V"
478|"Carmelita"|786,3|3064|0,4|NA|0,06|"M:2:V"
2215|"Salem"|262,141|2654|0,2|0,38|0,02|"M:5:V"
1731|"Mizt"|680,623|4040|0,6|0,81|0,33|"K:3:V"
1133|"Hood"|456,982|3259|0,1|0,67|0,06|"M:3:V"
2996|"Kalmar"|1193,507|5259|0,9|0,98|1,3|"G:2:V"
2936|"Barcella"|1896,522|2460|0,3|0,23|0,03|"M:4:V"
1709|"Milton"|64,432|NA|0,1|0,52|NA|"M:8:V"
1907|"Nukus"|320,607|2829|0,3|0,09|0,07|"M:5:V"
2126|"Redfield"|254,73|3343|0,2|0,37|0,04|"M:2:V"
356|"Bogard"|271,276|4158|0,6|0,77|0,23|"K:6:V"
789|"Elidere"|290,068|2680|0,2|0,52|0,05|"M:7:V"
2219|"Saltural"|256,829|2416|0,1|0,54|0,08|"M:0:V"
1860|"New Westin"|244,992|2927|0,2|0,24|0,04|"M:4:V"
2873|"New St. Andrews"|524,267|2531|0,3|0,49|0,05|"M:6:V"
858|"Fellanin"|136,093|2508|0,4|0,33|0,03|"M:7:V"
1687|"Merowinger"|608,18|5607|0,9|1|1,35|"G:4:V"
751|"Dumassas"|536,142|3776|0,5|0,78|0,59|"K:6:V"
3166|"Wheeler"|534,459|5278|1|1,07|0,67|"G:4:V"
1208|"Irece"|344,391|2459|0,4|0,65|0,03|"M:3:V"
389|"Brest"|305,055|2825|0,3|0,59|0,04|"M:5:V"
1340|"Khartoum"|427,96|2579|0,2|0,42|0,01|"M:5:V"
1305|"Katlehong"|333,063|2917|0,4|NA|0,06|"M:2:V"
1944|"Orbisonia"|215,934|2646|0,2|NA|0,02|"M:2:V"
2234|"Sapienza"|442,963|3706|0,5|0,9|0,56|"K:5:V"
653|"Dalton"|257,401|2951|0,3|0,4|0,03|"M:4:V"
3085|"Rim Worlds Republic Outpost #4"|1773,572|3363|0,1|0,68|0,04|"M:2:V"
528|"Chaville"|50,052|2742|0,2|0,52|0,02|"M:1:V"
1128|"Homam"|155,234|3080|0,3|0,17|0,06|"M:4:V"
1351|"Killarney"|450,86|2859|0,3|0,35|0,03|"M:5:V"
2008|"Penobscot"|336,077|4359|0,6|0,91|0,46|"K:1:V"
752|"Dunianshire"|504,089|2762|0,1|0,24|0,02|"M:2:V"
2733|"Wedderborg"|479,88|3973|0,6|0,83|0,22|"K:3:V"
2158|"Risin"|533,718|4551|0,6|0,78|0,23|"K:2:V"
167|"Arcturus"|191,109|2987|0,2|0,61|0,07|"M:2:V"
1122|"Hoff"|266,707|3106|0,3|0,38|0,03|"M:3:V"
2665|"Vecchio"|283,062|4808|0,5|0,93|0,46|"K:0:V"
538|"Chichibu"|117,458|2806|0,3|0,22|NA|"M:3:V"
1706|"Millungera"|291,661|2436|0,4|0,17|0,06|"M:2:V"
2050|"Pondicherry"|467,442|2920|0,1|0,26|0,07|"M:3:V"
15|"Acamar"|55,235|4662|0,5|0,84|0,39|"K:2:V"
3171|"Holdout"|1279,745|2876|0,4|0,48|0,06|"M:5:V"
2864|"Horatius"|558,005|3910|0,6|0,76|0,2|"K:4:V"
923|"Gallery"|225,874|2971|0,2|0,48|0,02|"M:5:V"
2019|"Phact"|140,318|3488|0,4|0,56|NA|"M:1:V"
1714|"Minette"|484,203|2760|0,4|0,36|0,06|"M:3:V"
2078|"Prydain"|365,823|4089|0,5|0,75|0,58|"K:5:V"
1252|"Jiddah"|365,767|4118|0,5|0,9|0,21|"K:5:V"
2771|"Wonju"|492,495|3942|0,5|0,92|0,2|"K:7:V"
349|"Bluford"|454,568|2467|0,1|0,5|0,06|"M:5:V"
62|"Alegro"|453,517|3871|0,7|0,83|0,28|"K:6:V"
1701|"Midway"|320,287|3677|0,3|0,43|0,02|"M:0:V"
1743|"Monhegan"|217,623|3138|0,4|0,58|0,01|"M:3:V"
998|"Graz"|251,101|4154|0,8|0,73|0,44|"K:5:V"
804|"Engadin"|337,095|2749|0,4|0,46|0,04|"M:5:V"
1237|"Jarett"|427,535|2660|0,2|0,25|0,02|"M:2:V"
3139|"Trondheim"|780,505|2845|0,1|0,48|0,01|"M:2:V"
1207|"Ipswich"|237,932|5233|0,9|1,15|0,78|"G:4:V"
1573|"Malazan"|286,051|4433|0,6|0,84|0,15|"K:2:V"
1758|"Moriguchi"|466,533|3298|0,3|0,24|0,03|"M:2:V"
2037|"Plataea"|166,726|2489|0,3|0,11|0,04|"M:5:V"
1147|"Huan"|320,176|2963|0,1|0,14|0,02|"M:5:V"
3024|"Harris"|814,835|4005|0,6|0,79|0,09|"K:5:V"
2964|"Tathis"|1813,937|3429|0,2|0,25|0,06|"M:0:V"
2613|"Udibi"|323,735|4091|0,7|0,94|0,12|"K:5:V"
2049|"Pomme De Terre"|367,223|2519|0,2|0,62|0,05|"M:5:V"
1327|"Kennard"|476,896|2586|0,2|NA|0,03|"M:1:V"
2677|"Vermezzo"|396,42|2486|0,1|0,2|0,05|"M:8:V"
3173|"Winston"|1317,673|2696|0,2|0,34|0,05|"M:4:V"
1218|"Itabaiana"|332,811|4561|0,5|0,92|0,19|"K:0:V"
2016|"Persistence"|419,969|2934|0,3|0,31|0,01|"M:5:V"
1406|"Koumi"|262,482|2761|0,2|0,54|0,07|"M:3:V"
2608|"Twycross"|380,978|2733|0,1|0,61|0,06|"M:5:V"
1151|"Humansville"|553,836|5572|0,8|0,98|0,75|"G:4:V"
2076|"Proserpina"|161,889|4359|0,7|0,72|0,52|"K:5:V"
437|"Caldrea"|196,249|2714|0,4|0,42|0,04|"M:2:V"
1306|"Kaufermann"|418,118|2992|0,3|0,1|0,07|"M:2:V"
3141|"Juniper"|132,106|2894|0,3|0,19|0,08|"M:3:V"
1552|"Macintosh"|445,81|3071|0,2|0,13|0,07|"M:2:V"
2956|"Paxon"|1880,977|5250|0,9|1,14|1,27|"G:2:V"
214|"Austerlitz"|530,094|2485|0,3|0,59|0,03|"M:1:V"
1421|"Kumqwat"|307,86|5475|0,9|1,08|0,99|"G:5:V"
12|"Abruzzi"|339,018|2532|0,4|0,43|0,08|"M:5:V"
1495|"Linhauiguan"|426,015|2594|0,4|0,6|0,07|"M:2:V"
1005|"Griffith"|342,403|3251|0,4|0,59|0,06|"M:2:V"
1029|"Hadnall"|296,156|2956|0,4|0,39|0,05|"M:1:V"
1923|"O'Fallon"|324,418|4092|0,7|0,9|0,39|"K:5:V"
1938|"Olindo"|519,3|2940|0,1|0,55|0,05|"M:5:V"
270|"Bassfield"|588,852|2415|0,3|0,53|0,03|"M:5:V"
1162|"Hyde"|162,376|2465|0,2|0,26|0,03|"M:2:V"
2017|"Pesht"|372,212|2546|0,4|0,61|0,03|"M:4:V"
1853|"New Sumatra"|153,524|3387|0,3|0,36|0,07|"M:2:V"
2260|"Schiedam"|359,472|2480|0,4|0,44|0,07|"M:7:V"
2387|"Spittal"|349,575|5447|0,8|1,12|1,36|"G:5:V"
2340|"Simferopol"|360,327|2564|0,1|0,68|0,04|"M:3:V"
681|"Delavan"|286,153|3165|0,2|0,22|0,03|"M:1:V"
2900|"Farstar"|606,022|4663|0,6|0,74|0,6|"K:2:V"
1840|"New Mendham"|188,716|2965|0,3|0,1|0,05|"M:5:V"
2693|"Vipaava"|375,662|5623|0,9|1,11|0,65|"G:4:V"
810|"Enzesfled"|401,763|3334|0,4|0,31|0,06|"M:1:V"
1801|"Nashuar"|224,427|5615|0,8|1,13|0,99|"G:2:V"
1858|"New Vandenburg"|434,541|2548|0,2|0,52|0,05|"M:5:V"
2773|"Woodstock"|57,481|NA|0,5|0,91|0,33|"K:2:V"
2756|"Wilkes"|346,179|2784|0,2|0,49|0,04|"M:4:V"
2742|"Weiz"|305,921|NA|0,5|0,78|0,29|"K:0:V"
1264|"Jouques"|238,909|2976|0,4|0,25|0,06|"M:5:V"
853|"Farwell"|161,619|3105|0,2|0,66|0,06|"M:2:V"
459|"Canal"|486,867|2879|0,4|0,69|0,01|"M:2:V"
1655|"Megaris"|441,599|2743|0,3|0,14|0,03|"M:1:V"
933|"Gandy's Luck"|266,94|3137|0,2|0,57|0,02|"M:3:V"
1367|"Kitalpha"|148,516|2454|0,3|0,4|0,06|"M:0:V"
3004|"Stettin"|1247,706|3831|0,7|0,82|0,54|"K:5:V"
1784|"Naco"|571,712|2415|0,1|0,41|0,06|"M:7:V"
1927|"Ohrensen"|122,845|2529|0,4|0,52|0,05|"M:8:V"
1460|"Las Tunas"|743,898|4827|0,8|0,73|0,24|"K:0:V"
2827|"Zebeneschamali"|119,098|4086|0,5|0,87|0,41|"K:1:V"
3031|"Star Cluster A51"|1580,127|2423|0,3|0,35|0,03|"M:8:V"
2511|"Telos"|59,605|2671|0,4|0,54|0,03|"M:6:V"
941|"Gatineau"|383,366|3055|0,4|0,24|0,02|"M:3:V"
1282|"Kaldu"|625,535|2835|0,4|0,17|0,03|"M:3:V"
1164|"Hyperion"|277,742|2978|0,2|0,51|0,05|"M:4:V"
1604|"Marcus"|60,959|4058|0,5|0,93|0,25|"K:2:V"
2854|"EC821-387D"|1744,888|3120|0,1|0,48|0,03|"M:2:V"
1883|"Nobel"|457,957|3144|0,2|0,52|0,04|"M:0:V"
3128|"Albaracht"|672,787|5638|0,9|1,14|1,36|"G:2:V"
963|"Gladius"|119,815|3087|0,3|0,54|0,05|"M:4:V"
201|"Atocongo"|298,92|4538|0,5|0,95|0,09|"K:2:V"
1257|"Johnsondale"|162,424|3876|0,6|0,85|0,23|"K:7:V"
623|"Crichton"|631,382|4590|0,6|0,77|0,44|"K:2:V"
140|"Ankaa"|75,281|2755|0,3|0,21|0,03|"M:2:V"
145|"Antallos"|542,011|2926|0,3|0,19|0,03|"M:4:V"
716|"Dì-fang"|297,626|3964|0,6|0,91|0,11|"K:7:V"
2288|"Sevren"|316,388|2879|0,2|0,25|0,02|"M:3:V"
556|"Chupadero"|442,645|2728|0,4|0,53|0,06|"M:6:V"
2355|"Skvorec"|345,985|2678|0,3|0,1|0,06|"M:5:V"
740|"Dresden"|218,491|4024|0,6|0,91|0,5|"K:7:V"
375|"Bougie"|549,755|3227|0,4|0,28|0,05|"M:2:V"
841|"Fairfield"|292,551|2712|0,2|0,17|0,03|"M:3:V"
388|"Bremond"|392,65|2799|0,2|0,38|0,06|"M:5:V"
2074|"Promised Land"|312,796|3877|0,8|0,93|0,33|"K:2:V"
2254|"Sax"|374,603|2567|0,2|0,62|0,08|"M:1:V"
1008|"Grootfontein"|143,209|3124|0,1|0,12|0,07|"M:3:V"
697|"Desolate Plains"|416,418|3133|0,1|0,54|0,07|"M:2:V"
2870|"Lummatii"|528,571|2647|0,2|0,46|0,04|"M:6:V"
597|"Corella"|288,729|4524|0,6|0,85|0,29|"K:2:V"
2507|"Tedibyhr"|139,973|3442|0,3|0,61|0,02|"M:0:V"
2082|"Puttalam"|759,525|3119|0,4|0,12|0,06|"M:1:V"
2592|"Tsamma"|450,196|2682|0,3|0,68|NA|"M:2:V"
175|"Arlanda"|484,991|2599|0,3|0,46|0,02|"M:2:V"
3067|"Kebili"|969,362|5331|0,8|1,14|1,04|"G:2:V"
1158|"Huron"|323,203|4644|0,5|0,79|0,55|"K:2:V"
1924|"Offerman"|575,698|2542|0,4|0,49|0,07|"M:2:V"
1249|"Jesenice"|438,084|2883|0,4|0,26|0,02|"M:3:V"
285|"Beecher"|190,516|4053|0,7|NA|0,41|"K:0:V"
85|"Gamma Sagittarius"|116,052|2751|0,2|0,45|0,05|"M:2:V"
2415|"Stockpoll"|251,813|2981|0,1|0,18|0,04|"M:2:V"
2498|"Tau Ceti"|12,785|4002|0,5|0,95|0,53|"K:2:V"
170|"Arganda"|158,986|2620|0,2|0,32|0,06|"M:5:V"
632|"Culmia"|594,969|NA|0,2|0,64|0,06|"M:3:V"
2301|"Shensi"|107,011|2812|0,4|0,5|0,06|"M:5:V"
2106|"Radstadt"|319,322|2963|0,4|0,62|0,03|"M:4:V"
352|"Boardwalk"|198,058|2887|0,4|0,37|0,03|"M:1:V"
2886|"Cadiz"|536,139|4949|0,8|0,92|0,34|"K:0:V"
698|"Detroit"|452,956|4498|0,7|0,72|0,48|"K:3:V"
1492|"Lindenmarle"|436,198|3118|0,1|0,15|0,03|"M:1:V"
205|"Atsugi"|303,437|2733|0,4|0,56|0,06|"M:0:V"
2240|"Sarikavak"|425,824|NA|0,5|0,81|0,16|"K:2:V"
3019|"Cambridge Perimeter Defense Station"|707,908|2851|0,2|0,42|0,05|"M:5:V"
3169|"Graystone"|1255,592|2442|0,2|0,22|0,04|"M:7:V"
2879|"Thadora's Land"|452,092|2888|0,1|0,22|0,07|"M:4:V"
889|"Flynn"|663,056|3102|0,3|0,25|0,03|"M:3:V"
310|"Bessarabia"|277,985|3954|0,5|0,85|0,55|"K:7:V"
1205|"Ionus"|238,831|2729|0,2|0,3|0,03|"M:5:V"
2865|"Islington"|532,028|2600|0,2|0,23|0,07|"M:7:V"
1633|"Maxie's Planet"|401,267|3075|0,4|0,56|0,04|"M:4:V"
298|"Belluevue"|79,895|3582|0,4|0,15|0,01|"M:0:V"
2030|"Pilpala"|376,129|3696|0,3|0,38|0,04|"M:0:V"
1737|"Mohács"|323,03|2975|0,4|0,36|0,01|"M:5:V"
2075|"Propus"|184,226|3951|0,5|0,71|0,3|"K:7:V"
2833|"Zempoatlepetl"|253,688|2596|0,3|0,34|0,04|"M:4:V"
28|"Adelson"|532,641|2531|0,4|0,6|0,02|"M:3:V"
244|"Ballad"|537,639|3161|0,2|0,53|0,07|"M:3:V"
2480|"Tangua"|410,358|2403|0,4|0,2|0,04|"M:1:V"
1443|"Laconis"|421,364|2810|0,2|0,27|0,08|"M:6:V"
395|"Brisbane"|427,829|2872|0,1|0,31|0,05|"M:3:V"
639|"Custozza"|650,251|3042|0,1|0,12|0,03|"M:0:V"
2043|"Pocologan"|453,672|3374|0,2|0,64|0,01|"M:2:V"
1794|"Nam Dinh"|260,125|3703|0,5|0,71|0,15|"K:2:V"
3136|"Hofn"|810,982|5616|0,9|1,08|0,8|"G:3:V"
2351|"Skepptana"|563,286|2697|0,4|0,14|0,05|"M:3:V"
2867|"Lindassa"|521,901|2642|0,2|0,36|0,02|"M:7:V"
87|"Alpha Eridani"|83,787|5778|0,9|1|0,94|"G:2:V"
2917|"Placida"|504,699|2825|0,4|0,28|0,05|"M:2:V"
2712|"Waitur"|631,541|NA|0,4|0,2|0,05|"M:0:V"
1515|"Loparri"|542,601|2730|0,3|0,31|0,06|"M:2:V"
2367|"Sodertalje"|547,133|3260|0,4|0,43|0,06|"M:2:V"
572|"Colchester"|305,568|2727|0,3|0,59|0,07|"M:5:V"
2131|"Reinhardstein"|222,018|2575|0,4|0,34|0,05|"M:6:V"
875|"Firenze"|423,608|2666|0,3|0,27|0,08|"M:5:V"
3153|"Cassilda"|419,242|3882|0,7|0,94|NA|"K:4:V"
3154|"Chaadan"|508,714|3260|0,2|NA|0,05|"M:0:V"
1725|"Mitchella"|501,448|2569|0,4|0,32|0,06|"M:1:V"
2319|"Shiro"|293,99|3266|0,2|0,49|0,05|"M:3:V"
1211|"Irurzun"|210,953|3444|0,2|0,13|0,03|"M:1:V"
579|"Coloma"|296,543|2731|0,3|NA|0,04|"M:2:V"
2299|"Shawnee"|556,766|3016|0,1|0,59|0,08|"M:4:V"
795|"Elnath"|128,562|5470|0,9|0,98|1,44|"G:5:V"
180|"Armstrong"|488,465|4015|0,6|0,86|0,2|"K:6:V"
1540|"Luxani"|497,15|NA|0,3|0,19|0,07|"M:2:V"
953|"Gienah"|183,531|3207|0,1|0,64|0,03|"M:1:V"
765|"Eaton"|138,705|2756|0,4|NA|0,07|"M:3:V"
136|"Angol"|96,073|2936|0,3|0,51|0,07|"M:1:V"
2720|"Ward"|414,519|2706|0,4|0,53|0,03|"M:6:V"
3032|"Star Cluster P12"|1309,703|2525|0,2|NA|0,02|"M:2:V"
24|"Ad Duwayd"|520,786|3177|0,4|0,46|0,02|"M:1:V"
2093|"Quentin"|47,634|3112|0,3|0,36|0,07|"M:4:V"
2147|"Revivim"|403,721|2469|0,4|0,44|0,06|"M:5:V"
896|"Fortymile"|288,82|2691|0,2|0,19|0,06|"M:1:V"
1119|"Hobson"|355,699|2516|0,1|0,69|0,03|"M:3:V"
2385|"Spica"|255,008|2541|0,1|0,62|0,03|"M:5:V"
370|"Borghese"|224,961|2454|0,1|0,59|0,06|"M:5:V"
2341|"Simone"|541,312|4036|0,8|0,72|0,51|"K:2:V"
3020|"Ctesiphon"|1093,331|4117|0,5|0,89|0,37|"K:5:V"
1742|"Mondra"|513,011|2948|0,4|0,26|0,04|"M:1:V"
2013|"Perkasie"|194,354|4829|0,8|0,77|0,38|"K:2:V"
2182|"Rowe"|336,634|2953|0,4|0,36|0,01|"M:3:V"
97|"Altair"|16,348|2842|0,2|0,6|NA|"M:2:V"
2619|"Ulan Bator"|143,956|3095|0,1|0,39|0,06|"M:2:V"
433|"Cajamarca"|292,741|2797|0,1|NA|0,07|"M:5:V"
2407|"Stellaris"|318,335|3062|0,1|0,11|0,04|"M:1:V"
3114|"Knechee"|1888,354|5422|1|1,05|0,85|"G:2:V"
1997|"Paulding"|321,336|2550|0,1|0,13|0,02|"M:2:V"
861|"Ferleiten"|354,742|2639|0,1|0,18|0,03|"M:5:V"
791|"Elix"|84,453|3118|0,2|0,59|0,06|"M:3:V"
510|"Ceuta"|574,553|2471|0,4|0,29|0,08|"M:1:V"
435|"Calchedon"|379,296|4299|0,8|0,89|0,57|"K:2:V"
1456|"Laong"|250,764|2752|0,3|0,19|NA|"M:5:V"
1429|"Kvistgard"|365,517|2417|0,1|0,17|0,07|"M:3:V"
602|"Corodiz"|398,705|5466|0,9|1,05|0,87|"G:5:V"
1393|"Koniz"|275,729|3757|0,6|0,89|0,49|"K:7:V"
160|"Aquagea"|406,98|3186|0,1|0,09|0,05|"M:3:V"
1294|"Karachi"|380,368|2867|0,3|0,32|0,03|"M:3:V"
1216|"Islamabad"|409,89|4814|0,5|0,75|0,21|"K:0:V"
2784|"Xanthe"|337,454|2613|0,3|0,24|0,02|"M:5:V"
195|"Aspropirgos"|398,767|5314|1|1,15|1,32|"G:5:V"
2747|"Westerhand"|276,138|5245|1|1,12|1,48|"G:4:V"
1590|"Mankova"|371,524|3767|0,7|0,92|0,32|"K:7:V"
1497|"Linqing"|461,654|2696|0,3|0,46|0,03|"M:5:V"
1392|"Komephoros"|98,1|4794|0,7|0,74|0,35|"K:2:V"
634|"Cumbres"|253,892|4817|0,5|0,79|0,43|"K:0:V"
2923|"Sonnia"|130,475|NA|0,3|0,39|0,02|"M:3:V"
2928|"Arcadia"|1612,952|3741|0,8|0,85|0,33|"K:2:V"
213|"Aur"|199,01|5604|0,9|1,13|1,27|"G:2:V"
2318|"Shiri"|670,763|4691|0,5|0,88|0,4|"K:0:V"
2418|"Stotzing"|402,537|NA|0,2|0,5|0,05|"M:3:V"
81|"Alma Alta"|261,38|2450|0,1|0,4|0,05|"M:8:V"
2468|"Talisker"|133,4|3252|0,3|0,38|0,03|"M:2:V"
2281|"Sentarus"|567,858|2449|0,3|0,12|0,06|"M:5:V"
2846|"Zortman"|226,331|4159|0,6|0,72|0,25|"K:2:V"
2259|"Scheuerheck"|360,357|3056|0,3|0,62|0,02|"M:0:V"
2167|"Rocky"|29,822|NA|0,1|0,59|0,07|"M:1:V"
2083|"Qalzi"|465,835|2795|0,2|0,09|0,06|"M:5:V"
305|"Beowulf"|522,195|2657|0,1|0,15|0,04|"M:3:V"
829|"Euschelus"|480,108|2785|0,3|0,39|0,03|"M:5:V"
2521|"Texlos"|294,114|5351|0,9|1|0,99|"G:2:V"
726|"Dobson"|205,89|3172|0,2|0,35|0,07|"M:3:V"
2888|"Carvajal"|603,335|3227|0,3|0,48|0,06|"M:2:V"
446|"Calpaca"|215,775|3733|0,6|NA|0,54|"K:5:V"
197|"Asuncion"|101,771|2931|0,4|0,27|0,06|"M:2:V"
1051|"Hanseta"|454,858|3474|0,2|0,49|0,02|"M:1:V"
2079|"Pula"|354,679|2482|0,2|0,12|0,04|"M:5:V"
1634|"Maxwell"|393,956|3007|0,2|0,69|0,03|"M:3:V"
796|"Eltanin"|99,363|4520|0,6|0,95|0,47|"K:2:V"
2695|"Viribium"|392,756|5673|1|1,05|1,25|"G:2:V"
2703|"Vortalcoy"|491,941|2866|0,3|0,31|0,06|"M:4:V"
1889|"Nopah"|66,297|5658|0,9|1,13|0,93|"G:3:V"
1662|"Meinhof"|245,699|3069|0,4|0,15|0,07|"M:2:V"
1710|"Milvano"|463,55|4784|0,7|0,73|0,38|"K:2:V"
2229|"Santana"|326,08|2586|0,2|0,16|0,04|"M:3:V"
1808|"Neosho"|550,399|4810|0,5|0,74|0,59|"K:2:V"
2116|"Ramora"|501,188|2755|0,4|0,29|0,01|"M:5:V"
2180|"Rosice"|284,198|2798|0,3|0,25|0,02|"M:3:V"
2993|"Goslar"|999,013|2672|0,2|0,51|0,01|"M:3:V"
3104|"Thasos"|970,102|2745|0,4|0,14|0,02|"M:4:V"
2112|"Raman"|161,818|3395|0,2|0,41|0,04|"M:2:V"
2421|"Strawn"|252,761|3363|0,3|0,44|0,06|"M:1:V"
96|"Alta Vista"|506,799|3988|0,6|0,91|0,52|"K:5:V"
830|"Eustatius"|499,237|5301|1|1,1|0,63|"G:3:V"
1913|"Nusakan"|55,526|3407|0,3|0,34|0,04|"M:2:V"
1014|"Gruyeres"|322,429|3104|0,2|NA|0,02|"M:3:V"
2035|"Pitkin"|498,656|3633|0,3|0,18|0,07|"M:0:V"
818|"Eromanga"|307,609|2460|0,4|0,31|0,07|"M:5:V"
1674|"Menkalinan"|70,618|4505|0,6|0,91|0,26|"K:3:V"
204|"Atria"|54,082|2865|0,4|0,11|0,05|"M:3:V"
557|"Ciampino"|371,123|5464|0,8|1,15|1,12|"G:2:V"
2113|"Ramen"|155,499|4180|0,7|0,74|0,09|"K:5:V"
289|"Belacruz"|418,31|2731|0,4|0,18|0,07|"M:4:V"
3140|"Lamar"|267,085|4582|0,6|0,72|0,38|"K:3:V"
2902|"Fronc"|517,355|3347|0,4|0,12|0,06|"M:1:V"
2165|"Rockland"|445,231|3040|0,4|0,4|0,03|"M:4:V"
229|"Azha"|74,442|2944|0,3|0,27|0,04|"M:4:V"
158|"Apriki"|211,528|2421|0,2|0,63|0,02|"M:8:V"
2316|"Shipton"|539,764|4714|0,7|0,82|0,17|"K:0:V"
2111|"Raldamax"|612,919|5632|1|1,14|0,87|"G:2:V"
3149|"Alloway"|448,698|2524|0,1|0,58|0,02|"M:7:V"
2787|"Xi Ursae Majoris"|24,758|3014|0,2|0,22|0,01|"M:2:V"
2581|"Trentham"|462,809|5476|0,9|1,01|1,4|"G:5:V"
2965|"Tiber"|1878,865|NA|0,8|0,9|0,58|"K:5:V"
2060|"Praxton"|563,038|2833|0,3|0,12|0,02|"M:5:V"
1989|"Parma"|363,588|4085|0,6|0,91|0,5|"K:2:V"
3066|"Kapoeta"|1029,174|2905|0,1|0,53|0,07|"M:3:V"
458|"Campoleone"|418,415|2548|0,4|0,17|0,04|"M:5:V"
1881|"No Return"|186,091|3828|0,6|0,86|0,34|"K:5:V"
2063|"Pressby"|215,809|2635|0,3|0,22|0,03|"M:5:V"
2634|"Upano"|291,766|3324|0,3|0,36|0,01|"M:1:V"
661|"Danxian"|347,841|4023|0,8|0,79|0,37|"K:6:V"
782|"El Kerak"|375,541|5468|0,9|1,1|1,36|"G:2:V"
230|"Azur"|700,449|4081|0,6|0,77|0,42|"K:2:V"
2782|"Wynn's Roost"|667,613|3333|0,3|0,54|0,04|"M:2:V"
2790|"Yamarovka"|296,32|2544|0,3|NA|0,04|"M:3:V"
2344|"Sinope"|429,558|2437|0,2|0,42|0,03|"M:1:V"
2983|"Bergen"|1067,64|2527|0,2|0,5|0,03|"M:8:V"
1586|"Manennaia"|93,698|4999|0,5|0,87|0,21|"K:0:V"
265|"Baryshevo"|422,225|2867|0,4|0,17|0,05|"M:2:V"
766|"Ebensburg"|383,58|4255|0,5|0,92|0,6|"K:5:V"
324|"Biegga"|426,852|4358|0,6|0,78|0,42|"K:5:V"
2007|"Pencader"|354,437|2783|0,3|0,14|0,02|"M:2:V"
494|"Cate's Hold"|476,77|2410|0,3|0,57|0,05|"M:1:V"
655|"Damian"|465,041|3394|0,3|0,55|0,06|"M:1:V"
2555|"Tishomingo"|318,983|5661|1|1,08|1,02|"G:2:V"
737|"Dowles"|238,18|3700|0,5|0,79|0,49|"K:3:V"
2139|"Rennes"|545,482|3973|0,6|0,71|0,55|"K:5:V"
1698|"Midale"|408,778|3572|0,3|0,18|0,07|"M:0:V"
1096|"Here"|469,486|2491|0,2|0,52|0,02|"M:3:V"
1984|"Paran"|585,85|2804|0,4|0,44|0,04|"M:3:V"
2724|"Wasat"|58,11|3305|0,1|0,21|0,04|"M:0:V"
944|"Genf"|191,789|3923|0,7|0,73|0,4|"K:7:V"
1381|"Ko"|47,487|2872|0,2|0,43|0,07|"M:3:V"
1509|"Logres"|363,213|2772|0,2|0,1|0,06|"M:2:V"
978|"Gomeisa"|136,272|2442|0,4|0,42|0,02|"M:8:V"
1366|"Kiserian"|399,641|5614|0,8|1,01|1,04|"G:4:V"
2350|"Skat"|97,092|3034|0,1|0,17|0,03|"M:3:V"
2308|"Shiloh"|88,289|3230|0,3|0,28|0,01|"M:2:V"
2898|"Drask's Den"|496,778|4093|0,7|0,8|0,08|"K:6:V"
1146|"Huaide"|473,488|2456|0,2|0,53|0,02|"M:8:V"
630|"Csesztreg"|397,4|2800|0,1|0,31|0,01|"M:4:V"
343|"Blida"|293,304|2481|0,3|0,58|0,03|"M:8:V"
65|"Alexandria"|129,525|NA|0,3|0,23|0,01|"M:1:V"
3109|"Fager"|1594,56|4782|0,5|0,76|0,26|"K:1:V"
3011|"Haublan"|614,137|2569|0,4|0,6|0,03|"M:3:V"
1473|"Leganes"|178,124|2943|0,2|0,46|0,07|"M:3:V"
419|"Burton"|459,787|2607|0,4|0,4|0,06|"M:3:V"
989|"Graham"|25,717|2483|0,3|0,23|0,02|"M:6:V"
1088|"Hellos Minor"|259,14|2703|0,2|0,51|0,04|"M:3:V"
49|"Al Jafr"|413,007|3284|0,1|0,14|0,05|"M:2:V"
1836|"New India"|460,77|4133|0,5|0,77|0,5|"K:6:V"
2457|"Synsstad"|512,745|2812|0,3|0,19|0,07|"M:4:V"
234|"Bad News"|465,136|4129|0,5|0,74|0,41|"K:5:V"
560|"Ciotat"|171,593|3116|0,3|0,12|0,04|"M:4:V"
76|"Alkes"|118,845|4152|0,6|0,94|0,49|"K:5:V"
756|"Duran"|300,32|2767|0,4|0,4|0,06|"M:3:V"
551|"Chota"|187,91|3357|0,1|0,4|0,05|"M:2:V"
1622|"Masterton"|471,527|3339|0,2|0,08|0,07|"M:1:V"
2362|"Smolensk"|220,579|4349|0,5|0,71|0,18|"K:4:V"
1274|"Kafr Silim"|311,453|2677|0,3|0,23|0,07|"M:6:V"
1999|"Pavia"|129,881|2491|0,3|0,29|0,08|"M:1:V"
2235|"Sappho"|247,99|5463|1|1,15|0,63|"G:5:V"
1525|"Loyalty"|268,853|3337|0,3|0,39|0,04|"M:1:V"
1715|"Minnacora"|187,311|2792|0,2|0,23|0,05|"M:4:V"
3046|"Brundams"|1928,754|4789|0,7|0,88|0,59|"K:0:V"
261|"Barras"|354,801|3145|0,4|0,13|0,03|"M:3:V"
1885|"Nogales"|347,017|3412|0,4|0,07|0,06|"M:1:V"
337|"Black Earth"|433,006|2430|0,4|0,14|0,02|"M:6:V"
3163|"Pyrrhus"|491,769|2598|0,1|0,13|0,08|"M:7:V"
1681|"Mercedes"|408,409|3853|0,7|0,71|0,29|"K:2:V"
2877|"Stafford"|522,429|3903|0,7|0,95|0,31|"K:3:V"
222|"Avranches"|340,42|2764|0,2|0,55|0,02|"M:2:V"
1123|"Hohenems"|348,885|2950|0,3|0,36|0,02|"M:1:V"
3100|"Hibernia"|992,235|2960|0,4|0,68|0,03|"M:5:V"
1960|"Ourem"|721,242|2806|0,2|0,14|0,06|"M:2:V"
1215|"Ishtar"|431,211|4006|0,7|0,71|0,47|"K:2:V"
2057|"Poulsbo"|380,711|2774|0,4|0,51|0,07|"M:3:V"
2336|"Sileste"|620,832|2663|0,4|0,15|0,07|"M:3:V"
2628|"Undra"|162,402|2841|0,4|0,3|0,02|"M:3:V"
1740|"Molino"|479,669|3230|0,2|0,13|0,08|"M:2:V"
2397|"Stantsiya"|393,387|2784|0,4|0,56|0,02|"M:6:V"
1892|"Norn"|399,746|2810|0,3|0,1|0,03|"M:3:V"
2146|"Revel"|463,268|3775|0,5|0,96|0,24|"K:5:V"
840|"Fairfax"|354,712|2502|0,2|0,12|0,02|"M:2:V"
665|"Darwendale"|407,791|4175|0,5|0,93|0,26|"K:5:V"
3172|"Khanquest"|1223,448|3253|0,4|0,3|0,05|"M:3:V"
586|"Connaught"|67,654|2574|0,4|0,23|0,05|"M:4:V"
2924|"Spitz"|482,731|4587|0,5|0,91|0,38|"K:2:V"
2820|"Zara"|260,889|4525|0,5|0,78|0,17|"K:3:V"
1852|"New Stevens"|23,155|3141|0,4|0,45|0,07|"M:3:V"
2759|"Wiltshire"|461,938|4190|0,6|0,96|0,29|"K:6:V"
708|"Dicallus"|506,271|3879|0,5|0,72|0,21|"K:6:V"
1831|"New Gascony"|712,261|2605|0,3|0,69|0,06|"M:7:V"
2314|"Shionoha"|134,498|4361|0,5|0,81|0,14|"K:5:V"
2364|"Smythe"|293,964|3817|0,6|0,8|0,15|"K:5:V"
2356|"Skye"|76,743|2443|0,3|0,38|0,05|"M:3:V"
1031|"Haggard"|480,751|2715|0,2|0,1|0,02|"M:0:V"
1272|"Kabah"|423,636|2783|0,3|0,27|0,01|"M:5:V"
2331|"Sierra"|426,148|3756|0,6|0,81|0,41|"K:6:V"
387|"Bremen"|580,875|4014|0,6|0,71|0,23|"K:5:V"
1671|"Memphis"|579,783|2470|0,2|0,42|0,03|"M:5:V"
1206|"Ipava"|279,78|2446|0,4|0,64|0,06|"M:3:V"
380|"Brabent"|259,561|3042|0,2|0,59|0,02|"M:4:V"
1631|"Mauripur"|327,704|2856|0,2|0,36|0,05|"M:3:V"
1166|"Ibstock"|104,048|3185|0,3|0,16|0,07|"M:2:V"
381|"Brailsford"|505,55|4182|0,6|0,86|0,42|"K:6:V"
1324|"Kempten"|311,377|2653|0,3|0,63|0,04|"M:5:V"
1386|"Kohlman"|199,366|2746|0,4|0,55|0,07|"M:6:V"
1581|"Mandal"|56,662|3314|0,2|0,39|0,07|"M:1:V"
1000|"Great X"|341,879|2806|0,3|0,2|0,02|"M:4:V"
2614|"Ueda"|208,408|3231|0,3|0,17|0,06|"M:2:V"
1789|"Naissus"|383,145|4243|0,7|0,94|0,48|"K:0:V"
2740|"Weistheimer"|574,024|2946|0,2|0,1|0,06|"M:5:V"
2878|"Suetonius"|514,692|2719|0,1|0,53|0,08|"M:3:V"
1060|"Harrow's Sun"|271,312|2612|0,2|0,34|0,03|"M:7:V"
704|"Dhaulgiri"|311,533|2546|0,2|0,24|0,02|"M:4:V"
2985|"Bremen"|1131,231|2490|0,3|0,54|0,07|"M:2:V"
1946|"Orestes"|169,614|3854|0,8|0,72|0,53|"K:2:V"
996|"Gravenhage"|523,765|2422|0,2|0,14|NA|"M:5:V"
627|"Crossing"|257,684|NA|0,5|0,94|0,53|"K:3:V"
449|"Camadeierre"|456,738|2488|0,3|0,36|0,08|"M:5:V"
1597|"Manx"|365,556|2723|0,4|NA|0,05|"M:4:V"
1278|"Kaitangata"|363,184|2430|0,4|0,44|0,01|"M:5:V"
2253|"Sawyer"|465,727|2676|0,2|0,25|0,08|"M:1:V"
25|"Addasar"|517,358|2658|0,4|0,5|0,01|"M:2:V"
2967|"Tranquil"|1762,306|3060|0,3|0,08|0,07|"M:1:V"
1625|"Matheran"|182,637|2801|0,1|0,26|0,05|"M:2:V"
2289|"Shahr Kord"|431,611|3074|0,4|0,15|0,02|"M:0:V"
3101|"Karpathos"|984,419|3360|0,3|0,23|0,08|"M:2:V"
2462|"Tabayama"|469,509|2563|0,2|0,54|0,08|"M:5:V"
2841|"Zion"|84,669|2428|0,1|0,69|0,03|"M:1:V"
2954|"New Kent"|1788,524|3074|0,1|0,09|0,06|"M:4:V"
1167|"Icar"|422,139|2994|0,2|0,19|0,06|"M:3:V"
1613|"Markab"|100,317|4716|0,5|0,84|NA|"K:2:V"
2590|"Truth"|177,533|3176|0,2|0,54|0,06|"M:2:V"
2973|"Asturias"|1317,469|4174|0,8|0,72|0,51|"K:2:V"
2850|"Zurich"|66,265|3166|0,3|0,64|0,07|"M:1:V"
309|"Bernardo"|96,943|2801|0,2|0,6|0,07|"M:0:V"
958|"Girondas"|448,547|3996|0,5|0,86|0,57|"K:3:V"
2927|"Úr Cruinne"|472,184|2402|0,2|0,32|0,04|"M:6:V"
1763|"Morthac"|475,834|3205|0,1|0,16|0,05|"M:1:V"
2342|"Simpson Desert"|289,177|2972|0,1|0,26|0,01|"M:3:V"
2294|"Sharqah"|366,158|3956|0,7|0,79|0,34|"K:3:V"
1985|"Pardeau"|149,723|4012|0,7|0,76|0,45|"K:7:V"
1108|"Hickok"|432,215|3939|0,5|0,95|0,36|"K:3:V"
1830|"New Ganymede"|425,894|5400|0,8|1,05|0,96|"G:5:V"
3103|"New Delphi"|993,684|2594|0,2|0,53|0,03|"M:1:V"
2929|"Albion"|1792,847|2591|0,2|0,3|0,03|"M:6:V"
318|"Bettendorf"|266,202|5451|0,9|1,1|1,38|"G:2:V"
1275|"Kagoshima"|324,645|2904|0,3|0,12|0,05|"M:4:V"
1773|"Murchison"|77,291|2552|0,4|0,14|0,05|"M:1:V"
1464|"Latice"|293,917|2640|0,2|0,67|0,02|"M:5:V"
2919|"Regis Roost"|468,121|5384|0,9|1,14|0,93|"G:2:V"
2164|"Rochester"|226,969|4107|0,5|0,76|0,58|"K:0:V"
2602|"Turinge"|187,538|4460|0,7|0,9|0,17|"K:3:V"
1645|"McKenna"|147,988|2602|0,2|0,64|0,04|"M:5:V"
1592|"Mannedorf"|232,161|5369|1|1,13|0,66|"G:5:V"
2903|"Gant"|555,882|2857|0,2|0,4|0,05|"M:1:V"
656|"Danais"|153,487|2528|0,3|0,42|0,03|"M:8:V"
1558|"Maderas"|365,382|2977|0,1|0,41|0,07|"M:5:V"
1328|"Kent"|704,97|5452|0,8|1,04|0,86|"G:4:V"
3145|"Contrilla"|498,385|4381|0,7|0,81|0,37|"K:3:V"
1376|"Kleinwelt"|539,674|2527|0,2|0,53|0,03|"M:8:V"
1251|"Jezersko"|380,237|2556|0,3|0,63|0,04|"M:5:V"
188|"Asellus Australis"|151,527|3989|0,5|0,96|0,19|"K:3:V"
1518|"Lorkdal"|543,522|2645|0,2|0,33|0,06|"M:5:V"
2218|"Saltillo"|321,509|3270|0,2|0,62|NA|"M:2:V"
1090|"Helm"|145,742|2497|0,2|0,43|0,04|"M:3:V"
899|"Frazer"|357,633|5521|0,9|1,04|1,19|"G:3:V"
1609|"Marik"|109,575|5007|0,6|0,79|0,27|"K:0:V"
474|"Caria"|201,292|NA|0,8|0,96|0,41|"K:3:V"
1184|"Ilmar"|177,381|2654|0,3|0,45|NA|"M:6:V"
1505|"Lockton"|453,745|3026|0,1|0,54|0,04|"M:2:V"
2433|"Summer"|51,54|5727|1|1,1|0,94|"G:2:V"
2814|"Zanbasa"|557,47|2788|0,4|0,32|0,06|"M:4:V"
2258|"Schererville"|350,463|3220|0,2|0,28|0,02|"M:3:V"
877|"Fjaldr"|414,097|4377|0,5|0,93|0,59|"K:3:V"
649|"Dalcour"|397,546|4495|0,5|0,96|0,53|"K:2:V"
3023|"Gwithian"|830,561|3710|0,6|0,74|0,22|"K:7:V"
1884|"Nockatunga"|294,042|2706|0,4|0,13|0,02|"M:2:V"
1424|"Kurhah"|118,435|3306|0,4|0,3|0,06|"M:2:V"
1971|"Palladaine"|287,995|2847|0,4|0,64|0,04|"M:0:V"
2011|"Perdition"|470,573|3122|0,1|0,32|0,06|"M:3:V"
2738|"Weippe"|441,667|2413|0,2|0,64|0,04|"M:3:V"
2726|"Watermael"|356,312|2487|0,1|0,27|0,03|"M:5:V"
1968|"Paches"|210,407|3217|0,2|0,53|NA|"M:3:V"
1013|"Grunwald"|225,298|2581|0,3|0,28|0,05|"M:2:V"
1496|"Linneus"|450,357|2445|0,3|0,25|0,08|"M:1:V"
364|"Booker"|429,513|2826|0,2|0,55|0,08|"M:5:V"
1795|"Namen"|275,865|5283|0,9|1,11|0,82|"G:4:V"
569|"Clovis"|180,192|2649|0,4|0,59|NA|"M:7:V"
3017|"Attenbrooks"|988,69|2611|0,4|0,26|0,03|"M:2:V"
1338|"Keystone"|163,642|5220|1|NA|1,07|"G:4:V"
719|"Dindatari"|466,713|2525|0,3|0,35|0,05|"M:7:V"
2059|"Prato"|404,055|5700|0,8|1|1,22|"G:2:V"
2564|"Tongatapu"|222,053|3349|0,3|0,24|0,06|"M:0:V"
1936|"Oli"|203,745|3459|0,2|0,1|0,01|"M:1:V"
2951|"Londerholm"|1873,158|3865|0,6|0,84|0,42|"K:5:V"
558|"Cilvituk"|542,558|2939|0,2|0,55|0,05|"M:5:V"
581|"Columbine"|353,98|3233|0,2|0,34|0,04|"M:3:V"
1519|"Lost"|486,001|2475|0,4|0,44|0,08|"M:2:V"
16|"Accrington"|145,319|5510|1|0,97|1,29|"G:5:V"
1839|"New Macao"|144,856|2422|0,3|0,68|0,03|"M:5:V"
1689|"Merton"|411,152|2829|0,1|0,58|0,05|"M:2:V"
2472|"Tallin"|292,651|2437|0,3|0,14|0,03|"M:5:V"
1517|"Loric"|233,599|5282|0,9|1,06|1,18|"G:4:V"
1993|"Pasig"|371,41|3107|0,4|0,12|0,04|"M:3:V"
2442|"Susulatna"|357,089|4386|0,5|0,85|0,46|"K:2:V"
1161|"Hyalite"|444,651|2735|0,2|0,47|0,05|"M:0:V"
1977|"Pangkalan"|441,984|3863|0,7|0,72|0,56|"K:7:V"
1703|"Milligan"|476,671|2993|0,2|0,61|0,06|"M:2:V"
1410|"Krakatau"|349,279|5218|0,9|1,01|0,74|"G:3:V"
2523|"Teyvareb"|413,858|2529|0,2|0,53|0,07|"M:2:V"
1783|"Mytilene"|203,092|2797|0,3|0,37|0,04|"M:1:V"
738|"Dralkig"|528,922|2493|0,4|0,33|0,04|"M:2:V"
1396|"Kookens Pleasure Pit"|383,267|4247|0,5|0,92|0,53|"K:3:V"
961|"Givrodat"|554,982|2402|0,3|0,48|0,07|"M:2:V"
1734|"Modesto"|554,978|3843|0,6|0,73|0,21|"K:6:V"
865|"Fetsund"|507,533|5312|1|0,99|0,96|"G:4:V"
390|"Breukelen"|166,583|5480|0,8|1,08|1,32|"G:4:V"
2156|"Rijeka"|352,036|2583|0,3|0,08|0,07|"M:2:V"
1896|"Notwina"|352,971|3918|0,6|0,85|0,19|"K:7:V"
56|"Alchiba"|67,755|2579|0,2|0,51|0,02|"M:4:V"
730|"Dompaire"|309,229|5176|0,5|0,88|0,21|"K:0:V"
2916|"Oscar"|710,665|3443|0,4|0,36|0,01|"M:0:V"
1876|"Niquinohomo"|466,444|2530|0,2|0,59|0,01|"M:8:V"
575|"Colfax"|238,058|3441|0,3|0,54|0,05|"M:1:V"
1694|"Miaplacidus"|84,576|2779|0,4|0,33|0,05|"M:2:V"
761|"Dyfed"|248,172|2537|0,1|0,3|0,07|"M:8:V"
2534|"Thirty Weight"|289,985|3036|0,2|0,24|0,05|"M:2:V"
1365|"Kiruna"|430,026|4529|0,7|0,73|0,1|"K:2:V"
1436|"La Grave"|252,315|4168|0,7|0,7|0,15|"K:2:V"
447|"Calseraigne"|367,76|2617|0,2|0,49|0,07|"M:5:V"
1022|"Gurrnazovo"|487,04|5472|0,8|1,06|1,14|"G:4:V"
2946|"Hellgate"|1843,769|2697|0,4|0,35|0,05|"M:5:V"
668|"Dawn"|376,42|2416|0,3|0,48|0,02|"M:2:V"
2572|"Tottori"|505,695|5214|0,9|0,97|0,87|"G:3:V"
1589|"Manihiki"|266,902|3099|0,3|0,61|0,04|"M:2:V"
580|"Colorado"|397,94|2889|0,4|0,6|0,08|"M:3:V"
2327|"Sian"|229,773|3131|0,1|0,67|0,07|"M:3:V"
2658|"Vannes"|573,324|3490|0,4|0,28|0,02|"M:0:V"
2992|"Gateway"|965,99|2828|0,1|0,61|0,01|"M:3:V"
1271|"Junior"|399,621|4804|0,5|0,79|0,17|"K:2:V"
1948|"Oriente"|224,762|NA|0,2|0,32|0,04|"M:7:V"
277|"Baxter"|116,922|2794|0,4|0,64|0,04|"M:6:V"
3045|"Argondale"|1104,532|3191|0,3|0,29|0,08|"M:2:V"
1639|"McAffe"|186,761|2796|0,1|0,21|0,04|"M:6:V"
1591|"Manksville"|389,073|2638|0,3|0,47|0,01|"M:3:V"
1672|"Mendham"|375,221|2508|0,4|0,47|0,03|"M:2:V"
1673|"Menion"|436,558|4290|0,6|0,76|0,51|"K:5:V"
733|"Doneval"|198,973|2635|0,2|0,45|0,04|"M:2:V"
1307|"Kaumberg"|413,871|4513|0,6|0,95|0,18|"K:4:V"
690|"Denebola"|37,878|2458|0,4|0,08|0,04|"M:2:V"
1041|"Halla"|552,862|2827|0,4|0,64|0,02|"M:5:V"
1565|"Maia"|387,893|3032|0,2|NA|0,08|"M:3:V"
336|"Bjornlunda"|174,059|2666|0,1|0,39|0,05|"M:5:V"
436|"Caldarium"|502,778|3168|0,2|0,66|0,01|"M:3:V"
1983|"Parakoila"|348,886|3860|0,7|0,88|0,58|"K:5:V"
1355|"Kimi"|413,929|2804|0,3|0,12|0,01|"M:2:V"
125|"Anatolia"|513,542|2427|0,4|0,22|0,02|"M:4:V"
2948|"Huntress"|1758,559|3130|0,1|0,25|0,06|"M:0:V"
2741|"Weitinger"|365,975|2516|0,3|0,13|0,08|"M:3:V"
2797|"Yed Prior"|138,676|4140|0,6|0,75|0,39|"K:2:V"
1297|"Karkkila"|443,122|2926|0,1|0,09|0,02|"M:2:V"
1236|"Jardine"|220,671|2831|0,3|0,15|0,07|"M:3:V"
319|"Bex"|56,242|5447|1|1,13|1,27|"G:5:V"
1682|"Merdal"|401,368|5234|0,9|1,06|1,47|"G:2:V"
631|"Csomad"|517,606|2895|0,4|0,44|NA|"M:0:V"
255|"Banori"|509,596|3908|0,7|0,81|0,54|"K:2:V"
2635|"Uravan"|274,551|5311|1|1,03|1,45|"G:3:V"
825|"Estuan"|501,303|2531|0,2|0,15|0,05|"M:1:V"
3064|"Union of Samoyedic Colonies"|897|2559|0,2|0,12|0,06|"M:0:V"
1114|"Hindmarsh"|334,723|2498|0,1|0,51|0,03|"M:2:V"
2027|"Pike"|44,113|2602|0,3|0,23|0,07|"M:4:V"
2406|"Stein's Folly"|256,243|4088|0,5|0,87|0,35|"K:3:V"
1802|"Nathan"|83,274|4113|0,8|0,83|0,13|"K:3:V"
142|"Annapolis"|210,25|2816|0,2|0,68|0,02|"M:3:V"
2307|"Shibukawa"|217,167|4126|0,8|0,76|0,4|"K:3:V"
1262|"Joshua"|638,782|NA|0,6|0,83|0,44|"K:2:V"
1779|"Muskegon"|192,158|2608|0,4|0,63|0,08|"M:2:V"
2349|"Skaslien"|292,371|4560|0,6|0,94|0,11|"K:3:V"
114|"Amber Grove"|453,643|5009|0,7|0,94|0,22|"K:0:V"
2676|"Verlo"|319,287|3333|0,2|0,43|0,03|"M:1:V"
2776|"Wotan"|432,396|2779|0,4|0,38|0,05|"M:6:V"
1912|"Nunivak"|373,058|2432|0,4|0,67|0,05|"M:2:V"
2754|"Whittington"|150,419|2827|0,3|0,43|0,07|"M:3:V"
1417|"Krung Thep"|438,224|4505|0,7|0,85|0,16|"K:1:V"
1418|"Kublenz"|506,609|2624|0,2|0,18|0,01|"M:3:V"
2722|"Warren"|443,414|2953|0,2|0,49|0,08|"M:1:V"
715|"Dieudonné"|79,556|3093|0,1|0,44|0,04|"M:0:V"
856|"Fefferfer"|203,944|4521|0,7|0,82|0,25|"K:3:V"
2363|"Smolnik"|276,531|5246|0,9|1,08|0,78|"G:5:V"
2650|"Valladolid"|591,354|5640|1|1,06|1,39|"G:4:V"
1052|"Hansii"|368,483|2486|0,2|0,65|0,02|"M:5:V"
2012|"Périgueux"|352,384|4169|0,5|0,82|0,13|"K:5:V"
2796|"Yed Posterior"|127,059|2441|0,3|0,29|0,06|"M:4:V"
2976|"Galicia"|1322,66|2938|0,2|0,36|0,05|"M:3:V"
440|"Caledonia"|126,607|5513|1|1,04|1,01|"G:4:V"
2598|"Tuamotu"|299,675|3925|0,8|0,94|NA|"K:5:V"
2029|"Pilon"|803,701|2835|0,3|0,34|0,06|"M:4:V"
2096|"Quimberton"|368,905|4478|0,8|0,82|0,22|"K:3:V"
1628|"Mattisskogen"|366,096|4698|0,6|0,91|0,47|"K:3:V"
1583|"Mandaree"|358,853|2608|0,2|0,15|0,04|"M:2:V"
246|"Ballynure"|259,651|3910|0,6|0,89|0,56|"K:0:V"
1486|"Leyland"|499,622|2667|0,3|0,68|0,03|"M:2:V"
2125|"Recife"|396,695|3399|0,3|0,22|0,04|"M:1:V"
3119|"Nebula D77"|1947,238|3764|0,7|0,75|0,49|"K:5:V"
2670|"Vendrell"|340,039|2671|0,2|0,35|0,02|"M:7:V"
2366|"Snowdon"|587,903|2779|0,2|0,52|0,06|"M:3:V"
2004|"Pec"|273,978|3088|0,3|0,11|0,04|"M:3:V"
384|"Braum"|332,168|2998|0,4|0,23|0,07|"M:0:V"
1276|"Kaguyak"|379,567|3532|0,2|0,39|0,07|"M:1:V"
2056|"Potwin"|308,246|2732|0,2|0,28|0,06|"M:6:V"
1918|"Oceana"|144,843|2566|0,4|0,45|0,05|"M:4:V"
843|"Fallen Stars"|480,703|2753|0,3|0,46|0,04|"M:4:V"
645|"Dabih"|102,806|3258|0,1|0,27|0,06|"M:2:V"
498|"Cayuga"|585,275|2996|0,4|0,43|0,02|"M:4:V"
993|"Granera"|344,691|2432|0,3|0,38|0,06|"M:8:V"
2989|"Dortmund"|1072,368|2757|0,4|0,59|0,05|"M:1:V"
251|"Bandora"|177,856|2840|0,3|0,15|0,02|"M:2:V"
2214|"Salardion"|396,437|2752|0,2|0,51|0,08|"M:3:V"
2611|"Tyrlon"|461,226|2885|0,1|0,47|0,08|"M:4:V"
2681|"Vibrunum"|531,858|3108|0,3|0,22|0,08|"M:0:V"
722|"Dirk's Gulf"|271,335|4169|0,7|0,8|0,34|"K:0:V"
2338|"Silver"|363,561|2600|0,4|0,55|0,06|"M:6:V"
2806|"Yumesta"|282|5474|0,8|0,97|1,41|"G:2:V"
417|"Buenos Aires"|342,472|2873|0,4|0,38|0,07|"M:5:V"
2492|"Tarkio"|317,42|2833|0,2|0,49|0,05|"M:1:V"
2731|"Wazan"|140,817|3154|0,3|0,14|NA|"M:1:V"
518|"Chandler"|212,535|3178|0,2|0,49|0,03|"M:2:V"
1301|"Kashilla"|201,159|2449|0,2|0,49|0,01|"M:6:V"
2690|"Vindemiatrix"|103,82|2913|0,4|0,16|0,02|"M:5:V"
892|"Foot Fall"|144,984|4247|0,6|0,9|0,11|"K:5:V"
657|"Daneshmand"|194,869|4471|0,5|0,76|0,24|"K:2:V"
382|"Branzoll"|271,234|4136|0,7|0,91|0,12|"K:5:V"
2659|"Vanra"|170,201|2489|0,2|0,35|0,03|"M:5:V"
1479|"Lepaterique"|410,386|2560|0,2|0,11|0,06|"M:4:V"
147|"Antias"|386,847|3746|0,6|0,71|0,24|"K:5:V"
609|"Coudoux"|423,261|3786|0,5|0,84|0,39|"K:0:V"
2729|"Waycross"|142,952|3252|0,3|0,14|0,06|"M:3:V"
480|"Carmichael"|402,052|2894|0,1|0,59|0,04|"M:5:V"
82|"Almach"|118,119|3238|0,4|0,47|0,01|"M:2:V"
2647|"Valentina"|422,267|2401|0,3|0,4|NA|"M:5:V"
2325|"Shui-pào"|134,49|5572|1|1,12|0,77|"G:4:V"
2389|"St. Cyr"|521,765|3709|0,6|0,83|0,22|"K:7:V"
2378|"Sorsk"|740,099|2873|0,3|0,38|0,08|"M:2:V"
1897|"Nouasseur"|438,41|NA|0,2|0,49|0,02|"M:3:V"
68|"Algedi"|115,663|4398|0,7|0,84|0,57|"K:3:V"
2538|"Thule"|464,575|4316|0,7|0,86|0,41|"K:4:V"
44|"Aiguebelle"|398,048|2467|0,2|0,67|0,03|"M:8:V"
2233|"Saonara"|357,058|2955|0,1|0,39|NA|"M:3:V"
477|"Carmacks"|299,777|3006|0,3|0,57|0,06|"M:3:V"
2514|"Tengil"|318,66|2405|0,3|0,26|0,02|"M:5:V"
2802|"Yorii"|22,621|3045|0,2|0,53|0,05|"M:1:V"
1314|"Kazanka"|500,459|2480|0,3|0,08|0,04|"M:8:V"
2769|"Wolcott"|367,956|2992|0,2|0,49|0,04|"M:2:V"
2617|"Ukunela"|295,225|4662|0,6|0,75|0,45|"K:2:V"
881|"Fletcher"|52,379|4050|0,8|0,71|0,08|"K:3:V"
1286|"Kamenz"|311,182|4704|0,8|0,94|0,32|"K:0:V"
1016|"Guatavita"|372,438|2555|0,2|0,27|0,01|"M:3:V"
2409|"Sterlington"|526,959|3209|0,4|0,43|0,06|"M:2:V"
511|"Chaffee"|126,066|2430|0,1|0,52|0,06|"M:5:V"
1204|"Iolas"|422,269|3395|0,3|0,47|0,04|"M:2:V"
1476|"Leiston"|292,421|3007|0,2|0,15|0,06|"M:1:V"
2284|"Setubal"|241,592|3067|0,4|0,34|0,02|"M:4:V"
1539|"Luthien"|301,403|3208|0,3|0,61|0,02|"M:0:V"
857|"Feijo"|734,962|2609|0,4|0,45|0,07|"M:6:V"
1512|"Lonaconing"|454,76|3733|0,7|0,83|0,11|"K:5:V"
1969|"Paf"|475,183|5433|0,8|1,1|0,93|"G:5:V"
2625|"Umgard"|437,137|2844|0,2|0,13|0,02|"M:5:V"
2851|"Zvolen"|248,425|5277|0,9|0,98|0,88|"G:4:V"
3138|"Pegasi"|690,805|2700|0,3|0,12|0,05|"M:3:V"
2546|"Timbiqui"|338,95|2757|0,2|0,45|0,01|"M:6:V"
1105|"Hexare"|235,219|5358|0,9|1,08|0,67|"G:2:V"
534|"Chertan"|76,311|2690|0,4|0,66|0,07|"M:1:V"
642|"Cyrenaica"|315,516|NA|0,5|0,95|0,08|"K:5:V"
2815|"Zanderij"|319,656|3111|0,3|0,24|0,03|"M:1:V"
2616|"Uhuru"|139,622|2504|0,2|0,16|NA|"M:1:V"
418|"Burnt Rock"|380,265|3800|0,5|0,92|0,27|"K:3:V"
2140|"Renorsal"|670,527|2997|0,4|0,5|0,02|"M:3:V"
2489|"Tapihue"|347,815|2790|0,4|0,31|0,05|"M:1:V"
878|"Fjernet"|468,304|2579|0,2|0,48|0,02|"M:2:V"
823|"Espia"|390,061|2658|0,1|0,28|0,06|"M:4:V"
1310|"Kaus Media"|80,461|5346|0,9|1,08|1,36|"G:2:V"
1719|"Mirach"|112,104|2470|0,2|0,28|0,01|"M:5:V"
2321|"Shitara"|96,549|2599|0,3|0,28|0,08|"M:2:V"
1481|"Lesalles"|165,267|2708|0,1|0,51|0,06|"M:3:V"
1561|"Maestu"|291,07|2567|0,4|0,43|0,06|"M:5:V"
1520|"Lothair"|429,578|2406|0,3|0,43|0,03|"M:7:V"
19|"Achton"|660,516|2888|0,1|0,66|0,06|"M:4:V"
1163|"Hyner"|386,358|4322|0,7|0,83|0,59|"K:5:V"
2122|"Rasalgethi"|216,273|4076|0,8|0,73|0,46|"K:5:V"
1470|"Le Blanc"|207,855|4432|0,6|0,77|0,44|"K:2:V"
439|"Caledea"|356,012|3713|0,7|0,77|NA|"K:3:V"
676|"Dehgolan"|199,071|2803|0,3|0,5|0,03|"M:1:V"
3039|"Transfer Station P9"|1044,059|3400|0,2|0,47|0,05|"M:0:V"
1299|"Karston"|277,256|4139|0,5|NA|0,16|"K:3:V"
2751|"Westphalia"|162,613|2629|0,3|0,47|0,05|"M:3:V"
1837|"New Ivaarsen"|229,569|3125|0,3|0,61|0,02|"M:2:V"
45|"Aitutaki"|234,196|3709|0,8|0,93|0,39|"K:3:V"
1313|"Kawich"|61,332|4628|0,7|0,93|0,45|"K:0:V"
1191|"Inarcs"|448,404|4588|0,6|0,83|0,15|"K:2:V"
2821|"Zathras"|399,333|2579|0,2|0,46|0,03|"M:3:V"
1958|"Ottumwa"|399,975|3169|0,3|0,12|0,08|"M:2:V"
2621|"Ulsan"|336,939|2624|0,3|0,63|0,07|"M:1:V"
2273|"Seiduts"|370,755|4475|0,7|0,91|0,37|"K:2:V"
2201|"Sackville"|411,845|5810|0,8|1,07|1,48|"G:2:V"
2459|"Syrstart"|605,417|2784|0,2|0,34|0,01|"M:0:V"
1819|"New Caledonia"|409,831|2735|0,2|0,14|0,03|"M:4:V"
156|"Apollo"|451,472|2553|0,2|0,54|0,03|"M:7:V"
2705|"Vosloorus"|323,699|3305|0,4|0,45|0,06|"M:2:V"
1112|"Himmels"|444,101|4009|0,5|0,89|0,46|"K:7:V"
1118|"Hobbs"|353,259|5417|0,8|0,99|1,44|"G:4:V"
54|"Albert Falls"|291,568|3156|0,4|0,44|0,02|"M:1:V"
904|"Fronde"|251,67|2531|0,4|0,2|0,03|"M:1:V"
779|"Ejeda"|747,661|2649|0,4|0,33|0,05|"M:5:V"
2761|"Windsor"|390,421|3922|0,6|0,74|0,36|"K:2:V"
2405|"Steinhatchee"|531,084|2735|0,4|0,47|0,05|"M:3:V"
2968|"Vinton"|1912,192|3710|0,5|0,91|0,25|"K:7:V"
1508|"Logan's Land"|481,64|4263|0,7|0,84|0,41|"K:5:V"
2194|"Ryerson"|330,319|2638|0,2|0,09|0,01|"M:3:V"
2943|"Glory"|1838,239|5274|0,9|1,05|1,09|"G:4:V"
1181|"Illiushin"|450,474|3154|0,4|0,44|0,07|"M:3:V"
1488|"Liezen"|380,778|2585|0,2|0,7|0,08|"M:6:V"
515|"Chalouba"|311,958|4264|0,6|0,78|0,1|"K:2:V"
429|"Caerlaverock"|490,109|4130|0,5|0,83|0,48|"K:2:V"
1107|"Hibuarius"|412,56|3120|0,3|0,63|0,03|"M:1:V"
1577|"Mallory's World"|111,558|3005|0,2|0,5|0,08|"M:3:V"
1361|"Kirkcaldy"|159,557|2487|0,3|0,39|0,02|"M:3:V"
1093|"Hephzibah"|487,236|2641|0,1|0,12|0,04|"M:4:V"
2439|"Sunnywood"|405,398|5533|1|1,1|0,77|"G:3:V"
1618|"Marsalle"|334,917|NA|0,4|0,08|0,05|"M:5:V"
3087|"Rover"|849,002|5573|0,8|1,1|1,38|"G:2:V"
2748|"Westerstede"|268,316|2812|0,4|0,35|0,07|"M:3:V"
1035|"Hakkaido"|351,968|2564|0,3|0,09|0,05|"M:1:V"
1730|"Mizar"|58,318|2844|0,2|0,48|0,05|"M:3:V"
1595|"Mansu-ri"|271,308|5384|0,8|0,99|0,91|"G:5:V"
27|"Adelaide"|402,691|2877|0,4|0,26|0,02|"M:4:V"
257|"Baranda"|518,574|5539|0,8|0,96|1,15|"G:2:V"
535|"Chesterton"|135,698|5284|0,9|1,01|1,29|"G:5:V"
1890|"Norfolk"|285,633|2411|0,2|0,16|0,04|"M:5:V"
274|"Batavia"|208,581|2494|0,3|0,13|0,02|"M:8:V"
1449|"Lancaster"|145,538|3376|0,4|0,2|0,03|"M:0:V"
1970|"Pajarito"|485,93|5437|1|1,09|0,87|"G:5:V"
1939|"Oliver"|32,57|3614|0,2|0,44|0,04|"M:0:V"
1043|"Halmyre Deans"|159,641|4452|0,8|0,94|0,58|"K:0:V"
1537|"Lushann"|471,15|2781|0,3|0,35|0,08|"M:5:V"
2196|"Rzhishchev"|368,823|2752|0,4|0,43|0,01|"M:4:V"
2391|"St. Ives"|240,779|2734|0,4|0,21|0,05|"M:3:V"
124|"Anaheim"|432,199|2449|0,1|0,37|0,03|"M:6:V"
2440|"Surcin"|217,445|5669|1|1,15|1,4|"G:2:V"
2692|"Vintru"|197,41|2823|0,3|0,37|0,07|"M:3:V"
1911|"Nuneaton"|364,28|4407|0,5|0,9|0,31|"K:2:V"
164|"Arcadia"|268,762|4060|0,6|0,71|0,42|"K:3:V"
444|"Callisto"|199,615|3138|0,3|0,31|0,08|"M:3:V"
392|"Brihuega"|528,107|2712|0,2|0,19|0,06|"M:6:V"
1791|"Najha"|214,127|2720|0,4|NA|0,07|"M:2:V"
1296|"Karbala"|198,101|2417|0,3|0,41|0,06|"M:8:V"
2067|"Primus"|322,524|2953|0,4|0,22|0,01|"M:5:V"
1566|"Main Street"|516,13|3089|0,4|0,45|0,06|"M:2:V"
734|"Dothan"|454,035|3264|0,2|0,56|0,06|"M:3:V"
1503|"Lochmantle"|355,69|2571|0,4|0,48|0,05|"M:7:V"
3000|"Lübeck"|1078,732|2605|0,1|0,31|0,08|"M:7:V"
275|"Battaraigi"|532,323|5776|0,9|0,96|0,84|"G:2:V"
999|"Great Gorge"|560,312|2421|0,1|0,46|0,07|"M:6:V"
1510|"Loikaw"|755,668|2685|0,3|0,38|0,04|"M:5:V"
2224|"San Carlos"|601,903|3729|0,6|0,7|0,42|"K:7:V"
1803|"Necedah"|353,968|3016|0,3|0,12|0,07|"M:3:V"
2981|"Anklan"|1163,436|3113|0,4|0,46|0,06|"M:1:V"
705|"Diamantina"|330,259|5798|0,9|1,12|0,83|"G:2:V"
